{"_1_0_DEL_0.mod":{"aut":[[0,[-1,1]],[1,[0,-1]]],"delay":0,"gamma":0.6368681326166661,"pit":[[0,[0.20000000298023224,0.800000011920929]],[1,[1.0,0.0]]],"src":"1","tgt":"0"}}
