{"_0_1_DEL_0.mod":{"aut":[[0,[-1,1]],[1,[0,1]]],"delay":0,"gamma":0.5130762870772088,"pit":[[0,[0.1111111119389534,0.8888888955116272]],[1,[0.9000000357627869,0.10000000149011612]]],"src":"0","tgt":"1"}}
